Element,Wavelength,Intensity,Strength,On,Reference
Ne II,2007.009,80,,True,P71
Ne II,2025.56,80,,True,P71
Ne II,2085.466,150,,True,P71
Ne II,2096.106,200,,True,P71
Ne II,2096.248,120,,True,P71
Ne II,2562.123,80,,True,P71
Ne II,2567.121,90,w,True,P71
Ne II,2623.107,80,,True,P71
Ne II,2629.885,80,,True,P71
Ne II,2636.069,90,w,True,P71
Ne II,2638.289,80,,True,P71
Ne II,2644.097,80,,True,P71
Ne II,2762.921,80,,True,P71
Ne II,2792.019,90,,True,P71
Ne II,2794.221,80,,True,P71
Ne II,2809.485,100,,True,P71
Ne II,2906.592,80,,True,P71
Ne II,2906.816,80,,True,P71
Ne II,2910.061,90,,True,P71
Ne II,2910.408,90,,True,P71
Ne II,2911.138,80,,True,P71
Ne II,2915.122,80,,True,P71
Ne II,2925.618,80,,True,P71
Ne II,2932.103,80,w,True,P71
Ne II,2940.653,80,,True,P71
Ne II,2946.044,90,,True,P71
Ne II,2955.725,150,,True,P71
Ne II,2963.236,150,,True,P71
Ne II,2967.184,150,,True,P71
Ne II,2972.997,100,,True,P71
Ne I,2974.7189,30,,True,SS04
Ne II,2979.461,100,,True,P71
Ne I,2982.6696,30,,True,SS04
Ne II,3001.668,150,,True,P71
Ne II,3017.311,120,,True,P71
Ne II,3027.016,300,P,True,P71
Ne II,3028.864,300,P,True,P71
Ne II,3030.787,100,,True,P71
Ne II,3034.461,120,,True,P71
Ne II,3035.923,100,,True,P71
Ne II,3037.72,100,,True,P71
Ne II,3039.586,100,,True,P71
Ne II,3044.088,100,,True,P71
Ne II,3045.556,100,,True,P71
Ne II,3047.556,120,,True,P71
Ne II,3054.345,100,,True,P71
Ne II,3054.677,100,,True,P71
Ne I,3057.3907,30,,True,SS04
Ne II,3059.106,100,,True,P71
Ne II,3062.491,100,,True,P71
Ne II,3063.301,100,,True,P71
Ne II,3070.887,100,,True,P71
Ne II,3071.529,100,,True,P71
Ne II,3075.731,100,,True,P71
Ne II,3088.166,120,,True,P71
Ne II,3092.092,100,,True,P71
Ne II,3092.901,120,,True,P71
Ne II,3094.006,100,,True,P71
Ne II,3095.103,100,,True,P71
Ne II,3097.131,100,,True,P71
Ne II,3117.98,100,,True,P71
Ne II,3118.16,120,,True,P71
Ne II,3141.332,300,,True,P71
Ne II,3143.721,100,,True,P71
Ne II,3148.681,100,,True,P71
Ne II,3164.429,100,,True,P71
Ne II,3165.648,100,,True,P71
Ne II,3188.743,100,,True,P71
Ne II,3194.579,120,,True,P71
Ne II,3198.586,500,P,True,P71
Ne II,3208.965,60,,True,P71
Ne II,3209.356,120,,True,P71
Ne II,3213.735,120,,True,P71
Ne II,3214.329,150,,True,P71
Ne II,3218.193,150,,True,P71
Ne II,3224.818,120,,True,P71
Ne II,3229.573,120,,True,P71
Ne II,3230.07,200,,True,P71
Ne II,3230.419,120,,True,P71
Ne II,3232.022,120,,True,P71
Ne II,3232.372,150,,True,P71
Ne II,3243.396,100,,True,P71
Ne II,3244.095,100,,True,P71
Ne II,3248.345,100,,True,P71
Ne II,3250.355,100,,True,P71
Ne II,3297.726,150,,True,P71
Ne II,3309.74,150,,True,P71
Ne II,3319.722,300,,True,P71
Ne II,3323.745,1000,P,True,P71
Ne II,3327.153,150,,True,P71
Ne II,3329.158,100,,True,P71
Ne II,3334.836,200,,True,P71
Ne II,3344.395,150,,True,P71
Ne II,3345.453,300,,True,P71
Ne II,3345.829,150,,True,P71
Ne II,3355.016,200,,True,P71
Ne II,3357.82,120,,True,P71
Ne II,3360.597,200,,True,P71
Ne II,3362.161,120,,True,P71
Ne II,3362.707,100,,True,P71
Ne II,3367.218,120,,True,P71
Ne I,3369.8076,50,,True,SS04
Ne I,3369.9072,70,,True,SS04
Ne II,3371.799,100,,True,P71
Ne II,3378.216,500,P,True,P71
Ne II,3388.417,150,,True,P71
Ne II,3388.945,120,,True,P71
Ne II,3392.798,300,,True,P71
Ne II,3404.822,100,,True,P71
Ne II,3406.947,120,,True,P71
Ne II,3413.148,100,,True,P71
Ne II,3416.914,120,,True,P71
Ne II,3417.688,120,,True,P71
Ne I,3417.9031,50,,True,SS04
Ne I,3418.0055,5,,True,SS04
Ne II,3428.687,120,,True,P71
Ne I,3447.7024,20,,True,SS04
Ne I,3454.1944,10,,True,SS04
Ne II,3456.61,100,,True,P71
Ne II,3459.321,100,,True,P71
Ne I,3460.5237,10,,True,SS04
Ne I,3464.3382,10,,True,SS04
Ne I,3466.5781,20,,True,SS04
Ne I,3472.5706,50,,True,SS04
Ne II,3479.519,150,,True,P71
Ne II,3480.718,200,,True,P71
Ne II,3481.933,200,,True,P71
Ne I,3498.0636,10,,True,SS04
Ne I,3501.2159,20,,True,SS04
Ne I,3515.1902,20,,True,SS04
Ne I,3520.4711,100,P,True,SS04
Ne II,3542.847,120,,True,P71
Ne II,3557.805,120,,True,P71
Ne II,3561.198,100,,True,P71
Ne II,3568.502,250,,True,P71
Ne II,3574.181,100,,True,P71
Ne II,3574.612,200,,True,P71
Ne I,3593.5257,50,,True,SS04
Ne I,3593.6389,30,,True,SS04
Ne I,3600.1685,10,,True,SS04
Ne I,3633.664,10,,True,SS04
Ne II,3643.927,150,,True,P71
Ne II,3664.073,200,,True,P71
Ne I,3682.2421,10,,True,SS04
Ne I,3685.7352,10,,True,SS04
Ne II,3694.213,200,,True,P71
Ne I,3701.2244,4,,True,SS04
Ne II,3709.622,150,,True,P71
Ne II,3713.079,250,,True,P71
Ne II,3727.107,250,,True,P71
Ne II,3766.259,800,P,True,P71
Ne II,3777.133,1000,P,True,P71
Ne II,3818.427,100,,True,P71
Ne II,3829.749,120,,True,P71
Ne II,4219.745,150,,True,P71
Ne II,4233.85,100,,True,P71
Ne II,4250.649,120,,True,P71
Ne II,4369.862,120,,True,P71
Ne II,4379.4,70,,True,P71
Ne II,4379.55,150,,True,P71
Ne II,4385.059,100,,True,P71
Ne II,4391.991,200,,True,P71
Ne II,4397.99,150,,True,P71
Ne II,4409.299,150,,True,P71
Ne II,4413.215,100,,True,P71
Ne II,4421.389,100,,True,P71
Ne II,4428.516,100,,True,P71
Ne II,4428.634,100,,True,P71
Ne II,4430.904,150,,True,P71
Ne II,4430.942,150,,True,P71
Ne II,4457.049,120,,True,P71
Ne II,4522.72,100,,True,P71
Ne I,4537.7545,100,,True,SS04
Ne II,4569.057,100,,True,P71
Ne I,4704.3949,150,,True,SS04
Ne I,4708.8594,120,,True,SS04
Ne I,4710.065,100,,True,SS04
Ne I,4712.0633,150,,True,SS04
Ne I,4715.344,150,,True,SS04
Ne I,4752.732,50,,True,SS04
Ne I,4788.9258,100,,True,SS04
Ne I,4790.2195,50,,True,SS04
Ne I,4827.338,100,,True,SS04
Ne I,4884.917,100,,True,SS04
Ne I,5005.1587,50,,True,SS04
Ne I,5037.7512,50,,True,SS04
Ne I,5144.9384,50,,True,SS04
Ne I,5330.7775,60,,True,SS04
Ne I,5341.0938,100,,True,SS04
Ne I,5343.2834,60,,True,SS04
Ne I,5400.5618,200,P,True,SS04
Ne I,5562.7662,50,,True,SS04
Ne I,5656.6588,50,,True,SS04
Ne I,5719.2248,50,,True,SS04
Ne I,5748.2985,50,,True,SS04
Ne I,5764.4188,70,,True,SS04
Ne I,5804.4496,50,,True,SS04
Ne I,5820.1558,50,,True,SS04
Ne I,5852.4879,200,P,True,SS04
Ne I,5872.8275,50,,True,SS04
Ne I,5881.8952,100,,True,SS04
Ne I,5902.4623,5,,True,SS04
Ne I,5906.4294,5,,True,SS04
Ne I,5944.8342,50,,True,SS04
Ne I,5965.471,50,,True,SS04
Ne I,5974.6273,50,,True,SS04
Ne I,5975.534,60,,True,SS04
Ne I,5987.9074,15,,True,SS04
Ne I,6029.9969,100,P,True,SS04
Ne I,6074.3377,100,P,True,SS04
Ne I,6096.1631,30,,True,SS04
Ne I,6128.4499,10,,True,SS04
Ne I,6143.0626,100,P,True,SS04
Ne I,6163.5939,100,P,True,SS04
Ne I,6182.146,15,,True,SS04
Ne I,6217.2812,100,P,True,SS04
Ne I,6266.495,100,P,True,SS04
Ne I,6304.7889,10,,True,SS04
Ne I,6328.1646,30,,True,SS04
Ne I,6334.4278,100,,True,SS04
Ne I,6382.9917,100,P,True,SS04
Ne I,6402.248,200,P,True,SS04
Ne I,6506.5281,150,P,True,SS04
Ne I,6532.8822,10,,True,SS04
Ne I,6598.9529,100,P,True,SS04
Ne I,6652.0927,15,,True,SS04
Ne I,6678.2762,50,,True,SS04
Ne I,6717.043,7,,True,SS04
Ne I,6929.4673,1000,P,True,SS04
Ne I,7024.0504,300,,True,SS04
Ne I,7032.4131,800,P,True,SS04
Ne I,7051.2923,20,,True,SS04
Ne I,7059.1074,100,,True,SS04
Ne I,7173.9381,800,P,True,SS04
Ne II,7213.2,150,,True,P71
Ne II,7235.188,150,,True,P71
Ne I,7245.1666,800,P,True,SS04
Ne II,7343.945,150,,True,P71
Ne I,7472.4386,30,,True,SS04
Ne I,7488.8712,300,,True,SS04
Ne II,7492.102,100,,True,P71
Ne II,7522.818,150,,True,P71
Ne I,7535.7741,300,,True,SS04
Ne I,7544.0443,130,,True,SS04
Ne I,7724.6233,1,,True,SS04
Ne II,7740.738,120,,True,P71
Ne I,7839.0529,2,,True,SS04
Ne II,7926.201,120,,True,P71
Ne I,7927.1177,3,,True,SS04
Ne I,7936.9961,13,,True,SS04
Ne I,7943.1814,80,,True,SS04
Ne I,8082.458,60,,True,SS04
Ne II,8084.345,100,,True,P71
Ne I,8118.5492,40,,True,SS04
Ne I,8128.9108,12,,True,SS04
Ne I,8136.4054,170,,True,SS04
Ne I,8259.379,30,,True,SS04
Ne II,8264.807,100,,True,P71
Ne I,8266.0772,70,,True,SS04
Ne I,8267.1162,10,,True,SS04
Ne I,8300.3258,300,,True,SS04
Ne II,8314.995,100,,True,P71
Ne I,8365.7466,50,,True,SS04
Ne II,8372.106,100,,True,P71
Ne I,8377.608,800,P,True,SS04
Ne I,8417.1606,30,,True,SS04
Ne I,8418.4274,250,,True,SS04
Ne I,8463.3575,40,,True,SS04
Ne I,8484.4435,13,,True,SS04
Ne I,8495.3598,700,,True,SS04
Ne I,8544.6958,15,,True,SS04
Ne I,8571.3524,30,,True,SS04
Ne I,8591.2584,400,,True,SS04
Ne I,8634.647,350,,True,SS04
Ne I,8647.0411,60,,True,SS04
Ne I,8654.3831,600,P,True,SS04
Ne I,8655.522,80,,True,SS04
Ne II,8668.256,100,,True,P71
Ne I,8679.4925,130,,True,SS04
Ne I,8681.9211,150,,True,SS04
Ne I,8704.1116,30,,True,SS04
Ne I,8771.6563,100,,True,SS04
Ne I,8780.6226,600,P,True,SS04
Ne I,8783.7533,400,P,True,SS04
Ne I,8830.9072,6,,True,SS04
Ne I,8853.8668,300,,True,SS04
Ne I,8865.3063,20,,True,SS04
Ne I,8865.7552,150,,True,SS04
Ne I,8919.5006,60,,True,SS04
Ne I,8988.5564,20,,True,SS04
Ne II,9079.462,100,,True,P71
Ne I,9148.6716,120,,True,SS04
Ne I,9201.7591,90,,True,SS04
Ne I,9220.0601,60,,True,SS04
Ne I,9221.5801,20,,True,SS04
Ne I,9226.6903,20,,True,SS04
Ne I,9275.5196,9,,True,SS04
Ne II,9287.563,200,,True,P71
Ne I,9300.8527,80,,True,SS04
Ne I,9310.5839,8,,True,SS04
Ne I,9313.9726,30,,True,SS04
Ne I,9326.5068,70,,True,SS04
Ne I,9373.3078,15,,True,SS04
Ne I,9425.3788,50,,True,SS04
Ne I,9459.2095,30,,True,SS04
Ne I,9486.6818,50,,True,SS04
Ne I,9534.1629,60,,True,SS04
Ne I,9547.4049,30,,True,SS04
Ne II,9577.013,120,,True,P71
Ne I,9665.4197,180,,True,SS04
Ne II,9808.86,100,,True,P71
Ne I,10295.4174,4,,True,SS04
Ne I,10562.4075,80,,True,SS04
Ne I,10798.0429,60,,True,SS04
Ne I,10844.4772,90,,True,SS04
Ne I,11143.02,300,P,True,SS04
Ne I,11177.524,500,P,True,SS04
Ne I,11390.4339,150,,True,SS04
Ne I,11409.1343,90,,True,SS04
Ne I,11522.7459,300,P,True,SS04
Ne I,11525.0194,150,,True,SS04
Ne I,11536.3445,90,,True,SS04
Ne I,11601.5366,30,,True,SS04
Ne I,11614.0807,130,,True,SS04
Ne I,11688.0017,30,,True,SS04
Ne I,11766.7924,150,,True,SS04
Ne I,11789.0435,130,,True,SS04
Ne I,11789.8891,30,,True,SS04
Ne I,11984.912,70,,True,SS04
Ne I,12066.334,200,,True,SS04
Ne I,12459.389,40,,True,SS04
Ne I,12689.201,60,,True,SS04
Ne I,12912.014,80,,True,SS04
Ne I,13219.241,40,,True,SS04
Ne I,15230.714,50,,True,SS04
Ne I,17161.929,20,,True,SS04
Ne I,18035.812,20,,True,SS04
Ne I,18083.181,40,,True,SS04
Ne I,18083.263,9,,True,SS04
Ne I,18221.087,15,,True,SS04
Ne I,18227.016,13,,True,SS04
Ne I,18276.642,140,,True,SS04
Ne I,18282.614,100,,True,SS04
Ne I,18303.967,70,,True,SS04
Ne I,18359.094,20,,True,SS04
Ne I,18384.826,60,,True,SS04
Ne I,18389.937,90,,True,SS04
Ne I,18402.836,40,,True,SS04
Ne I,18422.402,60,,True,SS04
Ne I,18458.64,13,,True,SS04
Ne I,18475.8,40,,True,SS04
Ne I,18591.541,70,,True,SS04
Ne I,18597.698,100,,True,SS04
Ne I,18618.908,16,,True,SS04
Ne I,18625.159,20,,True,SS04
Ne I,21041.27,30,,True,SS04
Ne I,21708.11,30,,True,SS04
Ne I,22247.36,13,,True,SS04
Ne I,22428.14,13,,True,SS04
Ne I,22530.38,80,,True,SS04
Ne I,22661.79,13,,True,SS04
Ne I,23100.48,25,,True,SS04
Ne I,23260.27,40,,True,SS04
Ne I,23372.96,50,,True,SS04
Ne I,23565.33,30,,True,SS04
Ne I,23636.48,170,,True,SS04
Ne I,23701.66,12,,True,SS04
Ne I,23709.13,60,,True,SS04
Ne I,23951.4,110,,True,SS04
Ne I,23956.43,50,,True,SS04
Ne I,23978.16,60,,True,SS04
Ne I,24098.57,11,,True,SS04
Ne I,24161.43,20,,True,SS04
Ne I,24249.61,30,,True,SS04
Ne I,24365.01,70,,True,SS04
Ne I,24371.61,40,,True,SS04
Ne I,24447.86,20,,True,SS04
Ne I,24459.39,30,,True,SS04
Ne I,24776.49,17,,True,SS04
Ne I,24928.89,30,,True,SS04
Ne I,25161.7,13,,True,SS04
Ne I,25524.33,50,,True,SS04
Ne I,28386.2,6,,True,SS04
Ne I,30200.49,6,,True,SS04
Ne I,33173.09,8,,True,SS04
Ne I,33352.38,17,,True,SS04
Ne I,33899.81,5,,True,SS04
Ne I,33903.02,4,,True,SS04
Ne I,33913.1,12,,True,SS04
Ne I,34131.34,4,,True,SS04
Ne I,34471.43,6,,True,SS04
Ne I,35834.81,8,,True,SS04
Fe I,2178.0808,30,,True,NJLT94
Fe I,2259.5103,30,,True,NJLT94
Fe I,2292.5249,30,,True,NJLT94
Fe I,2298.1689,60,,True,NJLT94
Fe I,2300.1418,30,,True,NJLT94
Fe II,2327.3958,60,,True,NLTH91
Fe II,2331.3084,60,,True,NLTH91
Fe II,2332.799,200,,True,NLTH91
Fe II,2338.0065,120,,True,NLTH91
Fe II,2343.4951,400,P,True,NLTH91
Fe II,2343.961,50,,True,NLTH91
Fe II,2344.2816,90,,True,NLTH91
Fe II,2348.1159,120,,True,NLTH91
Fe II,2348.3025,150,,True,NLTH91
Fe II,2359.1322,120,,True,NLTH91
Fe II,2359.9997,90,,True,NLTH91
Fe II,2360.2945,70,,True,NLTH91
Fe II,2363.8612,40,,True,NLTH91
Fe II,2364.8281,120,,True,NLTH91
Fe II,2365.7654,50,,True,NLTH91
Fe II,2368.5964,50,,True,NLTH91
Fe II,2369.9534,50,,True,NLTH91
Fe I,2373.6245,40,,True,NJLT94
Fe II,2373.7357,60,,True,NLTH91
Fe II,2375.194,40,,True,NLTH91
Fe II,2376.4294,70,,True,NLTH91
Fe II,2379.2765,50,,True,NLTH91
Fe II,2380.7616,70,,True,NLTH91
Fe II,2382.0376,1000,P,True,NLTH91
Fe II,2383.2452,40,,True,NLTH91
Fe II,2388.6289,200,,True,NLTH91
Fe II,2395.6254,700,P,True,NLTH91
Fe II,2399.2413,200,,True,NLTH91
Fe II,2404.8858,500,P,True,NLTH91
Fe II,2406.6612,150,,True,NLTH91
Fe II,2406.9761,50,,True,NLTH91
Fe II,2410.5192,200,,True,NLTH91
Fe II,2411.0677,120,,True,NLTH91
Fe II,2413.3104,90,,True,NLTH91
Fe II,2417.8707,50,,True,NLTH91
Fe II,2422.6882,40,,True,NLTH91
Fe II,2424.1456,90,,True,NLTH91
Fe II,2428.3638,70,,True,NLTH91
Fe II,2430.0783,70,,True,NLTH91
Fe II,2432.2612,50,,True,NLTH91
Fe II,2432.8732,40,,True,NLTH91
Fe II,2439.3014,90,,True,NLTH91
Fe II,2443.71,40,,True,NLTH91
Fe II,2444.5154,60,,True,NLTH91
Fe II,2445.5732,60,,True,NLTH91
Fe I,2457.5891,150,,True,NJLT94
Fe II,2458.7838,90,,True,NLTH91
Fe II,2460.4404,40,,True,NLTH91
Fe II,2461.2835,50,,True,NLTH91
Fe II,2461.861,60,,True,NLTH91
Fe I,2462.6472,150,,True,NJLT94
Fe I,2465.1492,80,,True,NJLT94
Fe II,2466.6713,40,,True,NLTH91
Fe II,2466.8194,40,,True,NLTH91
Fe I,2468.8799,60,,True,NJLT94
Fe II,2469.5147,40,,True,NLTH91
Fe II,2470.6694,50,,True,NLTH91
Fe I,2472.332,80,,True,NJLT94
Fe I,2472.8713,100,,True,NJLT94
Fe I,2474.8145,60,,True,NJLT94
Fe II,2478.5722,40,,True,NLTH91
Fe I,2479.7764,120,,True,NJLT94
Fe II,2480.1577,60,,True,NLTH91
Fe II,2482.1172,50,,True,NLTH91
Fe II,2482.6577,60,,True,NLTH91
Fe I,2483.2708,1000,P,True,NJLT94
Fe I,2483.5334,30,,True,NJLT94
Fe I,2484.1875,100,,True,NJLT94
Fe II,2484.2446,40,,True,NLTH91
Fe I,2486.3728,80,,True,NJLT94
Fe I,2488.1426,600,P,True,NJLT94
Fe II,2489.4833,50,,True,NLTH91
Fe I,2489.7524,100,,True,NJLT94
Fe I,2490.6443,500,P,True,NJLT94
Fe II,2490.8584,40,,True,NLTH91
Fe I,2491.155,200,,True,NJLT94
Fe II,2491.3965,60,,True,NLTH91
Fe II,2493.1846,60,,True,NLTH91
Fe II,2493.2637,300,P,True,NLTH91
Fe I,2496.5337,60,,True,NJLT94
Fe I,2501.1318,100,,True,NJLT94
Fe II,2502.393,40,,True,NLTH91
Fe II,2503.8745,40,,True,NLTH91
Fe II,2506.0935,50,,True,NLTH91
Fe I,2507.9004,50,,True,NJLT94
Fe I,2510.835,100,,True,NJLT94
Fe II,2511.7603,70,,True,NLTH91
Fe I,2512.365,40,,True,NJLT94
Fe I,2517.6611,30,,True,NJLT94
Fe I,2518.1018,80,,True,NJLT94
Fe II,2519.0472,40,,True,NLTH91
Fe I,2522.8494,400,P,True,NJLT94
Fe I,2524.2925,50,,True,NJLT94
Fe II,2525.3879,120,,True,NLTH91
Fe II,2526.2939,200,,True,NLTH91
Fe I,2527.4351,200,,True,NJLT94
Fe I,2529.135,80,,True,NJLT94
Fe II,2533.6274,70,,True,NLTH91
Fe II,2534.4186,60,,True,NLTH91
Fe II,2535.4856,70,,True,NLTH91
Fe I,2535.6069,40,,True,NJLT94
Fe II,2536.6726,40,,True,NLTH91
Fe II,2536.8,120,,True,C74
Fe II,2538.7987,60,,True,NLTH91
Fe II,2538.9094,60,,True,NLTH91
Fe II,2538.99,90,,True,C74
Fe II,2540.66,120,,True,C74
Fe I,2540.9722,60,,True,NJLT94
Fe II,2541.101,50,,True,NLTH91
Fe II,2541.8358,40,,True,NLTH91
Fe I,2542.1013,30,,True,NJLT94
Fe II,2543.3781,40,,True,NLTH91
Fe I,2545.9785,80,,True,NJLT94
Fe II,2546.6701,50,,True,NLTH91
Fe II,2548.7442,60,,True,NLTH91
Fe II,2549.0833,50,,True,NLTH91
Fe II,2549.3947,50,,True,NLTH91
Fe II,2549.4616,40,,True,NLTH91
Fe I,2549.6133,60,,True,NJLT94
Fe II,2550.0274,40,,True,NLTH91
Fe II,2550.6832,30,,True,NLTH91
Fe II,2562.5356,250,,True,NLTH91
Fe II,2563.4755,120,,True,NLTH91
Fe II,2566.9126,40,,True,NLTH91
Fe II,2574.3662,90,,True,NLTH91
Fe I,2576.6902,30,,True,NJLT94
Fe II,2577.9219,40,,True,NLTH91
Fe II,2582.5832,60,,True,NLTH91
Fe I,2584.5359,150,,True,NJLT94
Fe II,2585.8758,300,P,True,NLTH91
Fe II,2591.5428,60,,True,NLTH91
Fe II,2598.3692,400,P,True,NLTH91
Fe II,2599.3956,700,P,True,NLTH91
Fe I,2599.5669,30,,True,NJLT94
Fe II,2606.5162,200,,True,NLTH91
Fe I,2606.8264,80,,True,NJLT94
Fe II,2607.0871,300,P,True,NLTH91
Fe II,2611.8736,400,P,True,NLTH91
Fe II,2613.8243,200,,True,NLTH91
Fe II,2617.6174,200,,True,NLTH91
Fe II,2620.41,60,,True,D38
Fe I,2623.5339,40,,True,NJLT94
Fe II,2625.6671,120,,True,NLTH91
Fe II,2628.2931,90,,True,NLTH91
Fe II,2631.0471,150,,True,NLTH91
Fe II,2631.3232,150,,True,NLTH91
Fe I,2635.8088,30,,True,NJLT94
Fe II,2664.6638,40,,True,NLTH91
Fe I,2666.8125,30,,True,NJLT94
Fe I,2679.0242,60,,True,NJLT94
Fe II,2684.7536,300,,True,NLTH91
Fe I,2689.2122,40,,True,NJLT94
Fe II,2692.6019,40,,True,NLTH91
Fe II,2703.9891,40,,True,NLTH91
Fe I,2706.582,40,,True,NJLT94
Fe II,2714.4129,50,,True,NLTH91
Fe I,2719.0273,400,P,True,NJLT94
Fe I,2720.9023,150,,True,NJLT94
Fe I,2723.5774,40,,True,NJLT94
Fe II,2727.5392,50,,True,NLTH91
Fe II,2728.9,50,,True,C74
Fe I,2733.5806,100,,True,NJLT94
Fe I,2735.4753,50,,True,NJLT94
Fe I,2737.3091,50,,True,NJLT94
Fe II,2739.5474,400,P,True,NLTH91
Fe I,2742.4053,80,,True,NJLT94
Fe II,2743.1969,120,,True,NLTH91
Fe II,2746.4838,200,,True,NLTH91
Fe II,2749.3216,400,P,True,NLTH91
Fe II,2749.486,60,,True,NLTH91
Fe I,2750.1406,120,,True,NJLT94
Fe II,2753.2877,50,,True,NLTH91
Fe II,2755.7365,500,P,True,NLTH91
Fe II,2761.81,100,,True,C74
Fe I,2772.074,30,,True,NJLT94
Fe I,2778.2202,60,,True,NJLT94
Fe I,2788.1047,300,P,True,NJLT94
Fe I,2804.5203,40,,True,NJLT94
Fe I,2806.9841,150,,True,NJLT94
Fe I,2813.2864,250,,True,NJLT94
Fe I,2823.2756,30,,True,NJLT94
Fe I,2825.5557,60,,True,NJLT94
Fe I,2832.4355,150,,True,NJLT94
Fe I,2838.1194,20,,True,NJLT94
Fe I,2843.9763,100,,True,NJLT94
Fe I,2851.7969,80,,True,NJLT94
Fe I,2936.9033,120,,True,NJLT94
Fe I,2947.876,100,,True,NJLT94
Fe I,2953.9399,60,,True,NJLT94
Fe I,2966.8982,150,,True,NJLT94
Fe I,2970.0994,80,,True,NJLT94
Fe I,2973.1323,120,,True,NJLT94
Fe I,2973.2354,50,,True,NJLT94
Fe I,2981.4451,60,,True,NJLT94
Fe I,2983.5696,100,,True,NJLT94
Fe I,2994.4268,100,,True,NJLT94
Fe I,2999.5117,50,,True,NJLT94
Fe I,3000.9478,80,,True,NJLT94
Fe I,3008.1382,50,,True,NJLT94
Fe II,3020.01,40,,True,C74
Fe I,3020.4907,50,,True,NJLT94
Fe I,3020.6389,150,,True,NJLT94
Fe I,3021.0728,60,,True,NJLT94
Fe I,3024.0327,50,,True,NJLT94
Fe I,3025.8423,50,,True,NJLT94
Fe I,3037.3887,80,,True,NJLT94
Fe I,3047.6045,80,,True,NJLT94
Fe I,3057.4458,60,,True,NJLT94
Fe I,3059.0857,100,,True,NJLT94
Fe I,3193.2258,50,,True,NJLT94
Fe I,3193.2998,80,,True,NJLT94
Fe I,3222.0591,30,,True,NJLT94
Fe I,3225.7871,60,,True,NJLT94
Fe I,3236.2224,30,,True,NJLT94
Fe I,3355.2278,40,,True,NJLT94
Fe I,3407.4597,50,,True,NJLT94
Fe I,3427.1194,50,,True,NJLT94
Fe I,3440.606,400,P,True,NJLT94
Fe I,3440.9888,250,,True,NJLT94
Fe I,3443.8765,100,,True,NJLT94
Fe I,3465.8606,120,,True,NJLT94
Fe I,3475.4502,200,,True,NJLT94
Fe I,3476.7019,50,,True,NJLT94
Fe I,3490.574,250,,True,NJLT94
Fe I,3497.8406,50,,True,NJLT94
Fe I,3521.2612,30,,True,NJLT94
Fe I,3526.0408,40,,True,NJLT94
Fe I,3541.0833,30,,True,NJLT94
Fe I,3554.9246,40,,True,NJLT94
Fe I,3558.5151,40,,True,NJLT94
Fe I,3565.3789,100,,True,NJLT94
Fe I,3570.0977,120,,True,NJLT94
Fe I,3570.2542,80,,True,NJLT94
Fe I,3581.1931,600,P,True,NJLT94
Fe I,3585.3188,30,,True,NJLT94
Fe I,3586.9849,40,,True,NJLT94
Fe I,3606.6794,50,,True,NJLT94
Fe I,3608.8594,150,,True,NJLT94
Fe I,3618.7678,150,,True,NJLT94
Fe I,3631.4631,120,,True,NJLT94
Fe I,3647.8428,150,,True,NJLT94
Fe I,3679.9133,150,,True,NJLT94
Fe I,3687.4568,50,,True,NJLT94
Fe I,3705.5659,120,,True,NJLT94
Fe I,3707.9199,30,,True,NJLT94
Fe I,3709.2463,60,,True,NJLT94
Fe I,3719.9348,600,P,True,NJLT94
Fe I,3722.563,150,,True,NJLT94
Fe I,3727.6189,50,,True,NJLT94
Fe I,3733.3176,120,,True,NJLT94
Fe I,3734.8638,700,P,True,NJLT94
Fe I,3737.1316,600,P,True,NJLT94
Fe I,3743.3621,40,,True,NJLT94
Fe I,3745.5613,600,P,True,NJLT94
Fe I,3745.8994,120,,True,NJLT94
Fe I,3748.2622,300,P,True,NJLT94
Fe I,3749.4854,400,P,True,NJLT94
Fe I,3758.2329,300,P,True,NJLT94
Fe I,3760.0498,40,,True,NJLT94
Fe I,3763.7891,150,,True,NJLT94
Fe I,3765.5388,40,,True,NJLT94
Fe I,3767.1919,60,,True,NJLT94
Fe I,3795.0022,40,,True,NJLT94
Fe I,3799.5476,40,,True,NJLT94
Fe I,3812.9646,60,,True,NJLT94
Fe I,3815.8403,150,,True,NJLT94
Fe I,3820.4253,500,P,True,NJLT94
Fe I,3824.4436,250,,True,NJLT94
Fe I,3825.8811,150,,True,NJLT94
Fe I,3827.8225,120,,True,NJLT94
Fe I,3834.2224,100,,True,NJLT94
Fe I,3840.4375,50,,True,NJLT94
Fe I,3841.0481,80,,True,NJLT94
Fe I,3856.3716,250,,True,NJLT94
Fe I,3859.9114,500,P,True,NJLT94
Fe I,3878.5732,150,,True,NJLT94
Fe I,3886.2822,300,P,True,NJLT94
Fe I,3888.5134,30,,True,NJLT94
Fe I,3895.6565,80,,True,NJLT94
Fe I,3899.7075,120,,True,NJLT94
Fe I,3902.9458,40,,True,NJLT94
Fe I,3920.2581,60,,True,NJLT94
Fe I,3922.9119,120,,True,NJLT94
Fe I,3927.9199,120,,True,NJLT94
Fe I,3930.2966,200,,True,NJLT94
Fe I,4005.2419,40,,True,NJLT94
Fe I,4045.8125,300,P,True,NJLT94
Fe I,4063.5942,150,,True,NJLT94
Fe I,4071.738,120,,True,NJLT94
Fe I,4132.0581,40,,True,NJLT94
Fe I,4143.8682,80,,True,NJLT94
Fe I,4202.0293,30,,True,NJLT94
Fe I,4216.1836,40,,True,NJLT94
Fe I,4250.7871,30,,True,NJLT94
Fe I,4260.4746,80,,True,NJLT94
Fe I,4271.7607,120,,True,NJLT94
Fe I,4282.4028,120,,True,NJLT94
Fe I,4307.9023,120,,True,NJLT94
Fe I,4325.7622,150,,True,NJLT94
Fe I,4375.9302,80,,True,NJLT94
Fe I,4383.5449,200,P,True,NJLT94
Fe I,4404.7505,120,,True,NJLT94
Fe I,4415.1226,30,,True,NJLT94
Fe I,4427.2979,60,,True,NJLT94
Fe I,4461.6528,40,,True,NJLT94
Fe I,4920.5029,50,,True,NJLT94
Fe I,4957.5967,150,,True,NJLT94
Fe I,5167.4883,250,,True,NJLT94
Fe I,5171.5962,50,,True,NJLT94
Fe I,5227.1509,100,,True,NJLT94
Fe I,5269.5376,120,,True,NJLT94
Fe I,5270.3564,80,,True,NJLT94
Fe I,5328.0386,80,,True,NJLT94
Fe I,5328.5317,30,,True,NJLT94
Fe I,5341.0239,50,,True,NJLT94
Fe I,5371.4897,40,,True,NJLT94
Fe I,5397.1279,30,,True,NJLT94
Fe II,6247.56,50,,True,RMW44
Fe II,6456.38,120,,True,RMW44
Fe I,11607.5752,25,,True,NJLT94
Fe I,11689.9756,25,,True,NJLT94
Fe I,11882.8467,60,,True,NJLT94
Fe I,11973.0498,100,,True,NJLT94
Cu II,1999.698,150,P,True,R69
Cu II,2035.854,200,P,True,R69
Cu II,2037.127,150,P,True,R69
Cu II,2043.802,250,P,True,R69
Cu II,2135.981,600,P,True,R69
Cu I,2165.09,130,P,True,S48
Cu I,2178.94,150,P,True,S48
Cu II,2179.41,500,,True,R69
Cu I,2181.72,150,P,True,S48
Cu II,2189.63,500,,True,R69
Cu II,2192.268,600,P,True,R69
Cu I,2199.58,150,,True,S48
Cu II,2210.268,500,,True,R69
Cu I,2214.58,150,,True,S48
Cu II,2218.108,500,P,True,R69
Cu I,2225.7,200,P,True,S48
Cu I,2227.78,150,,True,S48
Cu I,2230.08,250,P,True,S48
Cu II,2242.618,600,,True,R69
Cu I,2244.26,250,P,True,S48
Cu II,2247.002,700,P,True,R69
Cu I,2263.08,200,,True,S48
Cu I,2293.84,250,,True,S48
Cu I,2392.63,250,,True,S48
Cu I,2406.66,150,,True,S48
Cu I,2441.64,100,P,True,S48
Cu I,2492.15,200,P,True,S48
Cu I,2618.37,250,,True,S48
Cu II,2689.3,500,,True,R69
Cu II,2700.962,500,,True,R69
Cu II,2703.184,400,,True,R69
Cu II,2713.508,500,,True,R69
Cu II,2718.778,400,,True,R69
Cu I,2766.37,250,,True,S48
Cu II,2769.669,500,,True,R69
Cu II,2877.1,400,,True,R69
Cu I,2961.16,250,,True,S48
Cu I,3036.1,250,,True,S48
Cu I,3063.41,250,,True,S48
Cu I,3108.6,200,,True,S48
Cu I,3194.1,150,,True,S48
Cu I,3243.16,150,h,True,S48
Cu I,3247.54,1000,P,True,S48
Cu I,3273.96,1000,P,True,S48
Cu I,3290.54,150,h,True,S48
Cu I,3307.95,250,h,True,S48
Cu I,3337.84,150,,True,S48
Cu I,3530.38,200,,True,S48
Cu II,3686.555,700,,True,R69
Cu I,4062.64,200,,True,S48
Cu I,4651.12,200,,True,S48
Cu II,4909.734,700,,True,R69
Cu II,4931.698,600,,True,R69
Cu II,4953.724,500,,True,R69
Cu II,5051.793,600,,True,R69
Cu I,5105.54,150,P,True,S48
Cu I,5153.24,200,P,True,S48
Cu I,5218.2,250,P,True,S48
Cu I,5292.52,150,,True,S48
Cu I,5700.24,150,,True,S48
Cu I,5782.13,150,,True,S48
Cu II,6000.12,400,,True,R69
Cu II,6150.384,400,,True,R69
Cu II,6154.222,500,,True,R69
Cu II,6216.939,500,,True,R69
Cu II,6219.844,500,,True,R69
Cu II,6273.349,700,,True,R69
Cu II,6301.009,600,,True,R69
Cu II,6377.84,500,,True,R69
Cu II,6423.884,600,,True,R69
Cu II,6448.559,500,,True,R69
Cu II,6470.168,600,,True,R69
Cu II,6481.437,500,,True,R69
Cu II,6624.292,500,,True,R69
Cu II,6641.396,500,,True,R69
Cu II,7404.354,700,,True,R69
Cu II,7652.333,500,,True,R69
Cu II,7664.648,700,,True,R69
Cu II,7778.738,500,,True,R69
Cu II,7805.184,500,,True,R69
Cu II,7807.659,1000,,True,R69
Cu II,7825.654,700,,True,R69
Cu II,7902.553,500,,True,R69
Cu I,7933.13,150,,True,S48
Cu II,7988.163,800,,True,R69
Cu I,8092.63,200,,True,S48
Cu II,8283.16,500,,True,R69
Cu II,8511.061,500,,True,R69
Cu II,9861.28,400,,True,R69
Cu II,9864.137,400,,True,R69
Cu II,10054.938,400,,True,R69
Ar II,2420.456,2,,True,N73
Ar II,2516.789,3,,True,N73
Ar II,2534.709,3,,True,N73
Ar II,2562.087,5,,True,N73
Ar II,2891.612,8,,True,N73
Ar II,2942.893,70,,True,N73
Ar II,2979.05,30,,True,N73
Ar II,3033.508,15,,True,N73
Ar II,3093.402,15,,True,N73
Ar II,3243.689,7,,True,N73
Ar II,3293.64,8,,True,N73
Ar II,3307.228,7,,True,N73
Ar II,3350.924,8,,True,N73
Ar II,3376.436,8,,True,N73
Ar II,3388.531,8,,True,N73
Ar II,3476.747,25,,True,N73
Ar II,3478.232,7,,True,N73
Ar II,3491.244,15,,True,N73
Ar II,3491.536,30,,True,N73
Ar II,3509.778,25,,True,N73
Ar II,3514.388,25,,True,N73
Ar II,3545.596,25,,True,N73
Ar II,3545.845,25,,True,N73
Ar II,3559.508,30,,True,N73
Ar II,3561.03,30,,True,N73
Ar II,3576.616,25,,True,N73
Ar II,3581.608,8,,True,N73
Ar II,3582.355,15,,True,N73
Ar II,3588.441,25,,True,N73
Ar II,3622.138,8,,True,N73
Ar II,3639.833,7,,True,N73
Ar II,3718.206,12,,True,N73
Ar II,3729.309,25,,True,N73
Ar II,3737.889,15,,True,N73
Ar II,3765.27,50,,True,N73
Ar II,3766.119,15,,True,N73
Ar I,3770.369,1,,True,N73
Ar II,3770.52,7,,True,N73
Ar II,3780.84,8,,True,N73
Ar II,3803.172,8,,True,N73
Ar II,3809.456,15,,True,N73
Ar II,3850.581,25,,True,N73
Ar II,3868.528,12,,True,N73
Ar II,3925.719,12,,True,N73
Ar II,3928.623,15,,True,N73
Ar II,3932.547,8,,True,N73
Ar II,3946.097,25,,True,N73
Ar I,3948.979,1,,True,N73
Ar II,3979.356,7,,True,N73
Ar II,3994.792,12,,True,N73
Ar II,4013.857,15,,True,N73
Ar II,4033.809,15,,True,N73
Ar II,4035.46,7,,True,N73
Ar II,4042.894,50,,True,N73
Ar I,4044.418,1,,True,N73
Ar II,4052.921,30,,True,N73
Ar II,4072.005,70,,True,N73
Ar II,4072.385,25,,True,N73
Ar II,4076.628,8,,True,N73
Ar II,4079.574,12,,True,N73
Ar II,4082.387,8,,True,N73
Ar II,4103.912,50,,True,N73
Ar II,4131.724,100,,True,N73
Ar II,4156.086,12,,True,N73
Ar I,4158.59,11,,True,N73
Ar I,4164.18,1,,True,N73
Ar II,4179.297,12,,True,N73
Ar I,4181.884,1,,True,N73
Ar I,4190.713,3,,True,N73
Ar I,4191.029,1,,True,N73
Ar I,4198.317,6,,True,N73
Ar I,4200.674,11,,True,N73
Ar II,4218.665,8,,True,N73
Ar II,4222.637,8,,True,N73
Ar II,4226.988,8,,True,N73
Ar II,4228.158,30,,True,N73
Ar II,4237.22,30,,True,N73
Ar I,4251.185,1,,True,N73
Ar I,4259.362,6,,True,N73
Ar I,4266.286,3,,True,N73
Ar II,4266.527,25,,True,N73
Ar I,4272.169,4,,True,N73
Ar II,4277.528,200,P,True,N73
Ar II,4282.898,7,,True,N73
Ar I,4300.101,3,,True,N73
Ar II,4300.65,8,,True,N73
Ar II,4309.239,25,,True,N73
Ar II,4331.2,70,,True,N73
Ar II,4332.03,15,,True,N73
Ar I,4333.561,3,,True,N73
Ar I,4335.338,1,,True,N73
Ar I,4345.168,1,,True,N73
Ar II,4348.064,250,P,True,N73
Ar II,4352.205,15,,True,N73
Ar II,4362.066,8,,True,N73
Ar II,4367.832,15,,True,N73
Ar II,4370.753,70,,True,N73
Ar II,4371.329,25,,True,N73
Ar II,4375.954,15,,True,N73
Ar II,4379.667,50,,True,N73
Ar II,4385.057,15,,True,N73
Ar II,4400.097,25,,True,N73
Ar II,4400.986,70,,True,N73
Ar II,4426.001,130,,True,N73
Ar II,4430.189,50,,True,N73
Ar II,4430.996,15,,True,N73
Ar II,4433.838,15,,True,N73
Ar II,4439.461,7,,True,N73
Ar II,4448.879,12,,True,N73
Ar II,4474.759,30,,True,N73
Ar II,4481.811,70,,True,N73
Ar I,4510.733,3,,True,N73
Ar I,4522.323,1,,True,N73
Ar II,4530.552,7,,True,N73
Ar II,4545.052,130,,True,N73
Ar II,4564.405,7,,True,N73
Ar II,4579.35,130,,True,N73
Ar II,4589.898,130,,True,N73
Ar II,4609.567,200,P,True,N73
Ar II,4637.233,12,,True,N73
Ar II,4657.901,130,,True,N73
Ar II,4721.591,7,,True,N73
Ar II,4726.868,200,P,True,N73
Ar II,4732.053,15,,True,N73
Ar II,4735.906,100,,True,N73
Ar II,4764.865,250,P,True,N73
Ar II,4806.02,200,P,True,N73
Ar II,4847.81,50,,True,N73
Ar II,4865.91,15,,True,N73
Ar II,4879.864,250,P,True,N73
Ar II,4889.042,25,,True,N73
Ar II,4904.752,7,,True,N73
Ar II,4933.209,12,,True,N73
Ar II,4965.08,70,,True,N73
Ar II,5009.334,15,,True,N73
Ar II,5017.163,25,,True,N73
Ar II,5062.037,25,,True,N73
Ar II,5090.495,7,,True,N73
Ar II,5141.783,30,,True,N73
Ar II,5145.308,25,,True,N73
Ar II,5165.773,8,,True,N73
Ar I,5187.746,1,,True,N73
Ar II,5216.814,7,,True,N73
Ar I,5495.874,1,,True,N73
Ar I,5558.702,1,,True,N73
Ar I,5606.733,1,,True,N73
Ar I,5650.704,1,,True,N73
Ar I,5888.584,1,,True,N73
Ar I,5912.085,1,,True,N73
Ar I,6032.127,2,,True,N73
Ar I,6043.223,1,,True,N73
Ar I,6059.372,1,,True,N73
Ar II,6114.923,30,,True,N73
Ar II,6172.278,50,,True,N73
Ar II,6243.12,8,,True,N73
Ar I,6384.717,1,,True,N73
Ar I,6416.307,2,,True,N73
Ar II,6483.082,8,,True,N73
Ar II,6638.221,8,,True,N73
Ar II,6639.74,7,,True,N73
Ar II,6643.698,15,,True,N73
Ar II,6666.359,8,,True,N73
Ar I,6677.282,3,,True,N73
Ar II,6684.293,12,,True,N73
Ar I,6752.834,4,,True,N73
Ar II,6861.269,7,,True,N73
Ar I,6871.289,4,,True,N73
Ar I,6937.664,1,,True,N73
Ar I,6965.431,300,P,True,N73
Ar I,7030.251,4,,True,N73
Ar I,7067.218,300,P,True,N73
Ar I,7068.736,3,,True,N73
Ar I,7107.478,1,,True,N73
Ar I,7125.82,1,,True,N73
Ar I,7147.042,30,,True,N73
Ar I,7206.98,2,,True,N73
Ar I,7272.936,60,,True,N73
Ar I,7311.716,1,,True,N73
Ar I,7316.005,1,,True,N73
Ar I,7353.293,2,,True,N73
Ar I,7372.118,6,,True,N73
Ar II,7380.426,7,,True,N73
Ar I,7383.98,300,,True,N73
Ar I,7392.98,1,,True,N73
Ar I,7435.368,1,,True,N73
Ar I,7503.869,600,P,True,N73
Ar I,7514.652,400,,True,N73
Ar I,7635.106,700,P,True,N73
Ar I,7723.761,400,,True,N73
Ar I,7724.207,300,,True,N73
Ar I,7948.176,600,P,True,N73
Ar I,8006.157,600,P,True,N73
Ar I,8014.786,700,P,True,N73
Ar I,8103.693,600,P,True,N73
Ar I,8115.311,1000,P,True,N73
Ar I,8264.522,300,,True,N73
Ar I,8392.27,1,,True,M73
Ar I,8408.21,400,,True,N73
Ar I,8424.648,600,,True,N73
Ar I,8521.442,400,,True,N73
Ar I,8667.944,130,,True,N73
Ar II,8771.86,7,,True,N73
Ar I,8849.91,5,,True,M73
Ar I,9075.394,1,,True,N73
Ar I,9122.967,1000,P,True,N73
Ar I,9194.638,15,,True,N73
Ar I,9224.499,400,,True,N73
Ar I,9291.531,11,,True,N73
Ar I,9354.22,50,,True,N73
Ar I,9657.786,700,P,True,N73
Ar I,9784.503,130,,True,N73
Ar I,10052.06,5,,True,M73
Ar I,10332.72,1,,True,M73
Ar II,10467.177,30,,True,N73
Ar I,10470.054,50,,True,N73
Ar I,10506.5,5,,True,M73
Ar I,10673.565,6,,True,N73
Ar II,10683.034,2,,True,N73
Ar I,10733.87,1,,True,M73
Ar I,10759.16,1,,True,M73
Ar II,10812.896,2,,True,N73
Ar I,11106.46,1,,True,M73
Ar I,11488.109,11,,True,N73
Ar I,11668.71,6,,True,N73
Ar I,12112.326,6,,True,N73
Ar I,12139.738,1,,True,N73
Ar I,12343.393,1,,True,N73
Ar I,12402.827,6,,True,N73
Ar I,12439.321,6,,True,N73
Ar I,12456.12,3,,True,N73
Ar I,12487.663,6,,True,N73
Ar I,12702.281,4,,True,N73
Ar I,12733.418,1,,True,N73
Ar I,12802.739,6,,True,N73
Ar I,12933.195,1,,True,N73
Ar I,12956.659,14,,True,N73
Ar I,13008.264,6,,True,N73
Ar I,13213.99,6,,True,N73
Ar I,13228.107,6,,True,N73
Ar I,13230.9,3,,True,N73
Ar I,13272.64,14,,True,N73
Ar I,13313.21,30,,True,N73
Ar I,13367.111,30,,True,N73
Ar I,13499.41,1,,True,N73
Ar I,13504.191,30,,True,N73
Ar I,13599.333,1,,True,N73
Ar I,13622.659,11,,True,N73
Ar I,13678.55,6,,True,N73
Ar I,13718.577,30,,True,N73
Ar I,14093.64,6,,True,N73
Ar I,15046.5,3,,True,N73
Ar I,15172.69,1,,True,N73
Ar I,15989.49,1,,True,N73
Ar I,16519.86,1,,True,N73
Ar I,16940.58,14,,True,N73
Ar I,20616.23,1,,True,N73
Ar I,20986.11,1,,True,N73
Ar I,23133.2,1,,True,N73
Ar I,23966.52,1,,True,N73
Hg II,2026.86,20,,True,SR01
Hg II,2052.828,400,P,True,SR01
Hg II,2224.711,20,,True,SR01
Hg II,2252.786,10,,True,SR01
Hg II,2260.294,60,,True,SR01
Hg II,2262.223,400,P,True,SR01
Hg II,2263.634,10,,True,SR01
Hg I,2536.517,1000,Pc,True,BAL50
Hg I,2652.039,25,,True,BAL50
Hg I,2653.679,40,,True,BAL50
Hg II,2847.675,400,P,True,SR01
Hg II,2916.25,30,,True,SR01
Hg II,2947.074,25,,True,SR01
Hg I,2967.28,250,P,True,BAL50
Hg I,3021.498,70,,True,BAL50
Hg I,3125.668,90,,True,BAL50
Hg I,3131.548,80,,True,BAL50
Hg I,3131.839,80,,True,BAL50
Hg II,3208.169,12,,True,SR01
Hg II,3532.594,10,,True,SR01
Hg II,3605.762,10,,True,SR01
Hg I,3650.153,600,P,True,BAL50
Hg I,3654.836,70,,True,BAL50
Hg I,3663.279,50,,True,BAL50
Hg II,3983.931,1000,Pc,True,SR01
Hg I,4046.563,400,P,True,BAL50
Hg I,4339.223,60,,True,BAL50
Hg I,4347.494,100,,True,BAL50
Hg I,4358.328,1000,P,True,BAL50
Hg II,5128.442,12,c,True,SR01
Hg II,5204.768,15,,True,SR01
Hg II,5425.253,80,P,True,SR01
Hg I,5460.735,500,P,True,BAL50
Hg II,5677.105,200,P,True,SR01
Hg I,5769.598,50,,True,BAL50
Hg I,5790.663,60,,True,BAL50
Hg II,5871.279,12,,True,SR01
Hg II,5888.939,20,c,True,SR01
Hg II,6146.435,15,,True,SR01
Hg II,6149.475,250,Pc,True,SR01
Hg I,7081.9,25,,True,F54
Hg II,7346.508,6,,True,SR01
Hg II,7944.555,250,P,True,SR01
Hg II,9520.198,6,h,True,SR01
Hg I,10139.76,200,P,True,BAL50
Hg I,13570.21,50,,True,H53
Hg I,13673.51,40,,True,H53
Hg I,15295.82,50,,True,H53
Hg I,17072.79,50,,True,H53
Hg I,23253.07,25,,True,PBT55
He II,2385.4,7,c,True,GM65
He II,2511.2,9,c,True,GM65
He I,2723.19,1,,True,M60a
He II,2733.3,12,c,True,GM65
He I,2763.8,2,,True,M60a
He I,2818.2,10,,True,BDD72
He I,2829.08,4,,True,M60a
He I,2945.11,10,,True,M60a
He I,3013.7,40,,True,BDD72
He I,3187.74,20,,True,M60a
He II,3203.1,15,c,True,GM65
He I,3354.55,1,,True,M60a
He I,3447.59,2,,True,M60a
He I,3587.27,1,,True,M60a
He I,3613.64,3,,True,M60a
He I,3634.23,2,,True,M60a
He I,3705.0,3,,True,M60a
He I,3732.86,1,,True,M60a
He I,3819.607,10,,True,M60a
He I,3819.76,1,,True,M60a
He I,3888.6046,60,P,True,M02
He I,3888.6456,200,P,True,M02
He I,3888.6489,300,P,True,M02
He I,3964.729,20,,True,M60a
He I,4009.27,1,,True,M60a
He I,4026.191,50,,True,M60a
He I,4026.36,5,,True,M60a
He I,4120.82,12,,True,M60a
He I,4120.99,2,,True,M60a
He I,4143.76,3,,True,M60a
He I,4387.929,10,,True,M60a
He I,4437.55,3,,True,M60a
He I,4471.479,200,,True,M60a
He I,4471.68,25,,True,M60a
He II,4685.3769,4,Pc,True,MK00b
He II,4685.4072,3,Pc,True,MK00b
He II,4685.7038,15,*   Pc,True,MK00b
He II,4685.7044,15,*   Pc,True,MK00b
He II,4685.8041,12,Pc,True,MK00b
He I,4713.146,30,,True,M60a
He I,4713.38,4,,True,M60a
He I,4921.931,20,,True,M60a
He I,5015.678,100,,True,M60a
He I,5047.74,10,,True,M60a
He II,5411.52,5,c,True,GM65
He I,5875.6148,500,P,True,M02
He I,5875.6404,250,P,True,M02
He I,5875.9663,120,P,True,M02
He II,6560.1,8,c,True,GM65
He I,6678.1517,200,P,True,M02
He I,6867.48,3,,True,M60a
He I,7065.1771,100,P,True,M02
He I,7065.2153,60,P,True,M02
He I,7065.7086,20,P,True,M02
He I,7281.35,50,,True,M60a
He I,7816.15,1,,True,M60a
He I,8361.69,2,,True,M60a
He I,9063.27,2,,True,M60a
He I,9210.34,2,,True,M60a
He I,9463.61,10,,True,M60a
He I,9516.6,4,,True,M60a
He I,9526.17,3,,True,M60a
He I,9529.27,1,,True,M60a
He I,9603.42,1,,True,M60a
He I,9702.6,3,,True,M60a
He I,10027.73,6,,True,M60a
He I,10031.16,2,,True,M60a
He II,10123.6,15,c,True,GM65
He I,10138.5,1,,True,M60a
He I,10311.23,10,,True,M60a
He I,10311.54,2,,True,M60a
He I,10667.65,3,,True,M60a
He I,10829.0911,150,P,True,M02
He I,10830.2501,500,P,True,M02
He I,10830.3398,1000,P,True,M02
He I,10913.05,9,,True,L70a
He I,10917.1,3,,True,L70a
He II,11626.4,4,c,True,GM65
He I,11969.12,30,,True,L70a
He I,12527.52,20,,True,L70a
He I,12784.99,50,,True,L70a
He I,12790.57,20,,True,L70a
He I,12845.96,7,,True,L70a
He I,12968.45,10,,True,L70a
He I,12984.89,2,,True,L70a
He I,15083.64,12,,True,L70a
He I,17002.47,200,,True,L70a
He I,18555.55,1,,True,M60a
He II,18636.8,6,c,True,GM65
He I,18685.34,500,,True,L70a
He I,18697.23,200,,True,L70a
He I,19089.38,100,,True,L70a
He I,19543.08,20,,True,L70a
He I,20581.287,500,P,True,M02
He I,21120.07,80,,True,L70a
He I,21121.43,10,,True,L70a
He I,21132.03,20,,True,L70a
He II,30908.5,3,c,True,GM65
He I,40478.9,4,,True,L70a
